Email,Password
Karianne.Greenholt@hotmail.com,hzO41mppNJ
Melissa_Connelly@hotmail.com,HBPuxraCWS
Lolita24@yahoo.com,ISCAfJO0SQ
Samir36@yahoo.com,xZsA070sVj
Kavon78@yahoo.com,LPwRu0WuId
Kendra48@gmail.com,E5BZKKKOyX
Leslie33@yahoo.com,MyejNG3XMM
Stefan.Willms@hotmail.com,YX_0NlXF2a
Deshaun.Connelly65@gmail.com,iX47JPJeY9
Lucinda14@gmail.com,cMDx3K0DYn
Ozella_Mosciski74@yahoo.com,L8RBNQflzd
Frieda14@hotmail.com,PTEAgzK_np
Aiden_Krajcik@gmail.com,QSaHn3G4_o
Myrtie.Mitchell@gmail.com,IlbSSkbgNz
Leonie_Collins@gmail.com,t2mG4ZORgv
Brad_Wiegand@hotmail.com,1GflFQPELW
Chet.Tillman@yahoo.com,Y6ddtWqL6w
Maxwell.Jacobi17@yahoo.com,KLBtiyMGtZ
Wilburn_Rowe@yahoo.com,dw5wVD3TNW
Garett.Rodriguez34@gmail.com,scSHeHDpYY
Ford85@yahoo.com,jrt9eGcQPZ
Alisha.Labadie@gmail.com,Hg_fvqvkG7
Riley37@yahoo.com,NHRlcaW5hj
Rosina44@yahoo.com,FeasplYDAD
Mariam.Berge94@hotmail.com,iVv9u4SO0G
Raphaelle.Nienow51@hotmail.com,8glsjATH98
Mariano_Champlin@hotmail.com,RUvMJjDQzp
Zachariah.Grady@gmail.com,hqCjilMGHs
Isac.Jacobson@yahoo.com,BXzigOyohA
Retha.Friesen@hotmail.com,bG3t5DteF7
Kailey.Boehm@yahoo.com,yUe4SF_FSI
Rahul.Kub@gmail.com,fp1VZmxcvp
Claire_OReilly@yahoo.com,UI0vvsmUS8
Marcelle66@gmail.com,3AYtZVVYoN
Clement53@gmail.com,wuXmX3u5V1
Ephraim2@yahoo.com,H3PneXewAV
Marianne_Rath@hotmail.com,78mHOc6_CH
Hanna4@gmail.com,AtMT1zCO2L
Lilly_Bartoletti@yahoo.com,oc5CecR5E3
Franco_Ritchie@gmail.com,Z6ws75qGJI
Jaydon.Bahringer@yahoo.com,g9kHMNjo8Z
Ollie_Grady@yahoo.com,DaCjcCgnzq
Bennie_Simonis82@hotmail.com,HkNiF04qN4
Kenton_Jast@hotmail.com,0JkHA2zjFT
Reymundo93@gmail.com,ECCm2pv_rx
Zane.Stark@yahoo.com,EMzoL6Cojx
Natalie.Morar19@hotmail.com,zZQYQOoAhi
Alvera93@gmail.com,BSjGzj_OC8
Daron11@yahoo.com,ouapCaLdt8
Dillon31@gmail.com,tOhYApRzl2
Amelie59@gmail.com,nXKuBv1fSO
Gillian.Rau@yahoo.com,8vKIPw6nrM
Darwin.Kunze16@gmail.com,vs_Vphd7Oq
Heber_Lynch@yahoo.com,B4a80Ud8Jt
Noble38@gmail.com,r1bzyldRT0
Gust33@hotmail.com,rJMeI7wDM1
Pierce84@gmail.com,0UQ1aFmIwN
Troy_Rempel@yahoo.com,UeBvVa8K55
Judson.Will89@hotmail.com,W9V5M8hu74
Guido_Kautzer51@gmail.com,jyMseJaceC
Katrine80@gmail.com,DcRu3oCQUo
Mike_Medhurst43@yahoo.com,lKo5sFCh97
Coy_Welch52@yahoo.com,cJQo1YD_Up
Lavon_Ernser@gmail.com,S30H4VU2an
Chadrick.Rau@hotmail.com,XrVot67Cek
Arielle_Mueller@gmail.com,TP1XsAyaNy
Mario28@yahoo.com,lMADy4nm9V
Albert.Ritchie2@yahoo.com,n4yeoCTkti
Jaunita41@hotmail.com,QKRgkVyHC3
Jackie_Schumm33@yahoo.com,YjWBK8huhc
David_Friesen66@yahoo.com,pAX3NL3Jtq
Hayley59@yahoo.com,USHloEpe3v
Cali.Ruecker54@yahoo.com,UVfooQj678
Nolan25@gmail.com,PGGjQ6q6o9
Elwyn9@yahoo.com,B4jh2uNNVx
Favian.Steuber46@gmail.com,A3K9DWlKOA
Dominique_Buckridge@yahoo.com,lxZ0tNtx1O
Misael_Schaden@yahoo.com,zuE6O1pYSy
Payton60@hotmail.com,PBUQAHYD6R
Donavon.Orn@yahoo.com,QFFpp1mdBH
Meda89@yahoo.com,53WCRjRsJk
Irving54@hotmail.com,aOCjPFyxFo
Don48@hotmail.com,fU8x0DznIy
Orlo.Heaney@yahoo.com,4OQVhh_jqu
Jayme_Carroll37@hotmail.com,8CRrMflTEN
Leonie48@hotmail.com,1X8FdZaAY1
Graciela_Bogisich65@hotmail.com,wUy2i4Xhsh
Bryon3@yahoo.com,1kXqiQWalF
Ardella49@yahoo.com,KeHSzw58tC
Laurianne_Wehner24@yahoo.com,t55u0LWoEL
Katharina8@gmail.com,IRQ_Eix1JZ
Marty42@gmail.com,6yYMEIOmbY
Jerald_Jakubowski@gmail.com,HP6LA5kTrG
Brandy.Purdy@hotmail.com,Y8FnIdBU43
Gregorio30@gmail.com,fMLKo6WNEA
Alessandro60@yahoo.com,iqpVnV5CVT
Jaeden3@yahoo.com,zanyFo2Vy1
Joel63@hotmail.com,pRhCyle7J_
Reggie64@yahoo.com,7PSIUfLzb4
Cortney96@yahoo.com,MQfTNqiQkK
